partie,modèle,valid,valid_équilibré,stress,stress_équilibré,minutes
"Partie 4 · Le 0,507",Ensemble des 2 graines (comme la V2),0.6538968621689834,0.6561193355181376,0.5199004975124378,0.6065920398009951,
"Partie 4 · Le 0,507",Hybride V2 (graine 1),0.6405243530342412,0.6423324669454176,0.5130597014925373,0.5944029850746269,9.6
"Partie 4 · Le 0,507",Hybride V2 (graine 0),0.6399593174369985,0.6446679474140204,0.5041666666666667,0.5881218905472637,9.6
Partie 3 · Séquences,Petit Transformer,0.5688025012242438,0.5758089426300523,0.4281094527363184,0.5103855721393035,3.0
Partie 3 · Séquences,GRU bidirectionnel,0.45914792631935814,0.46125739254906395,0.40876865671641793,0.45814676616915423,0.7
Partie 2 · Arbres,CatBoost — toutes les features,0.35796888537311183,0.3592119636870456,0.22388059701492538,0.42332089552238805,0.7
Partie 3 · Séquences,CNN (3 conv. dilatées),0.43221456285079296,0.4348513956379252,0.357773631840796,0.4123756218905473,1.4
Partie 2 · Arbres,XGBoost — + ticks + lots + position + ordres,0.2894112329076732,0.2912193468188496,0.3541666666666667,0.40578358208955223,0.8
Partie 2 · Arbres,XGBoost — + ticks + lots,0.25196820733039516,0.25298527140543187,0.33550995024875624,0.37101990049751243,0.6
Partie 2 · Arbres,XGBoost — + ticks,0.23143858063057973,0.23358571590010171,0.29695273631840796,0.3274875621890547,0.5
Partie 2 · Arbres,XGBoost — stats première version,0.23335970166120465,0.23433909669642522,0.25230099502487563,0.2842039800995025,0.5
Partie 3 · Séquences,MLP sur statistiques,0.24548913248201304,0.2472219083135571,0.24421641791044776,0.2835199004975124,0.3
Partie 1 · Benchmark,Forêt aléatoire (200 arbres),0.23264398990469734,0.23433909669642522,0.25093283582089554,0.26666666666666666,0.77
Partie 2 · Arbres,XGBoost — toutes les features,0.3461031378310167,0.3479112517421931,0.1679726368159204,0.24067164179104478,1.6
Partie 1 · Benchmark,Régression logistique,0.182657174068633,0.18390025238256677,0.16965174129353233,0.20715174129353234,0.1
Partie 2 · Arbres,LightGBM — toutes les features,0.34037744377895807,0.34512374279579616,0.1366915422885572,0.20366915422885573,4.9
Partie 1 · Benchmark,k plus proches voisins (k=25),0.143067013221833,0.15444306324631785,0.15746268656716417,0.16728855721393035,0.08
Partie 1 · Benchmark,Naive Bayes gaussien,0.1528609635740385,0.16024409537800882,0.1325870646766169,0.16082089552238807,0.01
Partie 1 · Benchmark,Classe majoritaire,0.03789505405507214,0.04441179794327042,0.041666666666666664,0.041666666666666664,0.0
