timestamp,close,high,low,trade_count,open,volume,vwap
2023-01-03 05:00:00+00:00,125.145,130.86,124.17,16801,130.25,2123546,125.784326
2023-01-04 05:00:00+00:00,126.39,128.65,125.105,14761,126.93,1638939,126.692583
2023-01-05 05:00:00+00:00,125.03,127.74,124.765,12850,126.96,1440170,126.261401
2023-01-06 05:00:00+00:00,129.56,130.275,124.895,13173,125.98,1349339,128.167253
2023-01-09 05:00:00+00:00,130.18,133.41,129.89,10899,130.56,1236469,131.931094
2023-01-10 05:00:00+00:00,130.74,131.23,128.125,8319,130.26,918335,129.596146
2023-01-11 05:00:00+00:00,133.37,133.47,130.49,10252,131.36,1209100,132.215894
2023-01-12 05:00:00+00:00,133.36,134.24,131.46,11630,134.13,1355666,133.084393
2023-01-13 05:00:00+00:00,134.73,134.91,131.705,9475,131.86,904681,133.519425
2023-01-17 05:00:00+00:00,135.91,137.28,134.2,11698,134.865,1251222,135.787119
2023-01-18 05:00:00+00:00,135.2,138.61,135.04,15742,136.92,1779440,136.535539
2023-01-19 05:00:00+00:00,135.27,136.25,133.78,9771,134.05,1023477,134.971981
2023-01-20 05:00:00+00:00,137.89,137.96,134.28,11609,135.06,1273232,135.970047
2023-01-23 05:00:00+00:00,141.095,143.315,137.94,16486,138.09,2239571,141.423179
2023-01-24 05:00:00+00:00,142.53,143.13,140.3,8633,140.5,838216,142.155669
2023-01-25 05:00:00+00:00,141.81,142.425,138.815,9990,140.85,1154572,140.837719
2023-01-26 05:00:00+00:00,143.94,144.25,141.93,10016,143.22,1030855,143.316486
2023-01-27 05:00:00+00:00,145.95,147.21,143.12,12177,143.12,1237258,146.021494
2023-01-30 05:00:00+00:00,143.02,145.52,142.865,8830,144.82,1003188,143.769878
2023-01-31 05:00:00+00:00,144.3,144.33,142.285,8619,142.73,907942,143.390341
2023-02-01 05:00:00+00:00,145.44,146.6,141.38,11752,143.97,1249541,143.712799
2023-02-02 05:00:00+00:00,150.62,151.18,148.17,20302,148.89,2045098,149.738478
2023-02-03 05:00:00+00:00,154.51,157.36,147.835,30857,147.875,4085828,154.34488
2023-02-06 05:00:00+00:00,151.74,153.07,150.785,10618,152.455,1042601,152.07461
2023-02-07 05:00:00+00:00,154.68,155.2,150.75,10357,150.75,1193188,153.472593
2023-02-08 05:00:00+00:00,151.95,154.57,151.18,11162,153.79,1151312,152.314272
2023-02-09 05:00:00+00:00,150.83,154.27,150.43,8860,153.84,935481,152.448584
2023-02-10 05:00:00+00:00,151.0,151.225,149.26,7825,149.41,760448,150.440671
2023-02-13 05:00:00+00:00,153.84,154.245,150.98,9824,150.98,969944,153.220923
2023-02-14 05:00:00+00:00,153.14,153.75,150.92,10407,152.12,987798,152.598022
2023-02-15 05:00:00+00:00,155.35,155.485,152.92,14362,153.17,946558,154.397305
2023-02-16 05:00:00+00:00,153.71,156.32,153.38,11075,153.47,1087418,154.952699
2023-02-17 05:00:00+00:00,152.53,152.98,150.86,9544,152.37,834811,151.93741
2023-02-21 05:00:00+00:00,148.5,151.28,148.405,8988,150.21,960590,149.56297
2023-02-22 05:00:00+00:00,148.92,149.93,147.18,10779,148.66,817344,148.492246
2023-02-23 05:00:00+00:00,149.38,150.32,147.245,6528,150.1,653250,148.818951
2023-02-24 05:00:00+00:00,146.68,147.17,145.73,7705,147.04,659419,146.320928
2023-02-27 05:00:00+00:00,147.9,149.14,147.49,6019,147.74,616153,148.152979
2023-02-28 05:00:00+00:00,147.47,149.05,146.86,8328,147.04,566243,147.796606
2023-03-01 05:00:00+00:00,145.35,147.22,145.01,9242,146.82,948777,145.913723
2023-03-02 05:00:00+00:00,145.92,146.695,143.91,11568,144.4,1370792,145.094621
2023-03-03 05:00:00+00:00,151.08,151.085,147.34,13458,147.92,1278282,149.821306
2023-03-06 05:00:00+00:00,153.85,156.29,153.46,13500,153.84,1305944,154.775282
2023-03-07 05:00:00+00:00,151.58,154.025,151.14,9545,153.8,956489,152.372452
2023-03-08 05:00:00+00:00,152.86,153.45,151.85,6871,152.855,612686,152.693932
2023-03-09 05:00:00+00:00,150.54,154.51,150.245,7374,153.515,708431,152.506188
2023-03-10 05:00:00+00:00,148.48,150.93,147.615,8720,150.15,852808,148.978248
2023-03-13 04:00:00+00:00,150.44,153.14,147.87,13430,147.87,1304258,151.239533
2023-03-14 04:00:00+00:00,152.44,153.39,150.16,10934,151.34,1028518,151.98589
2023-03-15 04:00:00+00:00,153.0,153.22,149.92,9759,150.96,1110028,151.632783
2023-03-16 04:00:00+00:00,155.9,156.35,151.69,10426,152.26,1058084,154.771435
2023-03-17 04:00:00+00:00,155.03,156.72,154.3,8650,155.89,883079,155.260523
2023-03-20 04:00:00+00:00,157.465,157.8,154.165,9976,155.11,1071419,156.535343
2023-03-21 04:00:00+00:00,159.38,159.39,156.575,14995,157.27,1643852,158.251107
2023-03-22 04:00:00+00:00,157.86,162.12,157.84,11080,159.23,1150428,159.842318
2023-03-23 04:00:00+00:00,158.88,161.54,157.72,9870,158.79,948536,159.726138
2023-03-24 04:00:00+00:00,160.25,160.34,157.88,7349,158.9,714138,159.166379
2023-03-27 04:00:00+00:00,158.32,160.75,157.88,5886,159.93,562684,158.957814
2023-03-28 04:00:00+00:00,157.69,158.09,155.99,6091,157.92,586298,156.867407
2023-03-29 04:00:00+00:00,160.78,161.02,159.35,6495,159.35,651119,160.143987
2023-03-30 04:00:00+00:00,162.37,162.46,161.31,6705,161.575,706928,162.017511
2023-03-31 04:00:00+00:00,164.86,165.0,162.14,9521,162.41,882143,163.948951
2023-04-03 04:00:00+00:00,166.13,166.29,164.23,7045,164.27,677205,165.284825
2023-04-04 04:00:00+00:00,165.64,166.815,165.11,6976,166.66,640747,165.96593
2023-04-05 04:00:00+00:00,163.75,165.04,161.8,8655,164.63,853748,163.466354
2023-04-06 04:00:00+00:00,164.66,164.93,162.04,6295,162.35,639142,164.026162
2023-04-10 04:00:00+00:00,162.02,162.02,160.085,7218,161.415,700373,161.172446
2023-04-11 04:00:00+00:00,160.81,162.33,160.52,9450,162.33,763177,161.125658
2023-04-12 04:00:00+00:00,160.13,162.04,159.78,6388,161.26,613689,160.939403
2023-04-13 04:00:00+00:00,165.62,165.8,161.51,10001,161.61,1012623,164.226059
2023-04-14 04:00:00+00:00,165.2,166.315,163.87,6100,164.56,598591,165.091939
2023-04-17 04:00:00+00:00,165.27,165.33,164.1,4885,165.02,409466,164.749513
2023-04-18 04:00:00+00:00,166.495,167.405,165.66,6492,166.1,591641,166.376193
2023-04-19 04:00:00+00:00,167.63,168.15,165.555,6973,165.81,654220,167.202288
2023-04-20 04:00:00+00:00,166.61,167.87,165.57,7917,165.97,842840,166.674421
2023-04-21 04:00:00+00:00,165.0,166.44,164.505,7138,164.99,810101,165.09749
2023-04-24 04:00:00+00:00,165.35,165.58,163.9,5088,164.97,498498,164.89143
2023-04-25 04:00:00+00:00,163.79,166.29,163.74,8154,165.14,832273,164.712871
2023-04-26 04:00:00+00:00,163.78,165.28,162.8,6141,162.88,664886,163.923507
2023-04-27 04:00:00+00:00,168.33,168.53,165.37,8245,165.42,892359,167.305395
2023-04-28 04:00:00+00:00,169.685,169.845,167.89,6473,168.47,691588,168.880823
2023-05-01 04:00:00+00:00,169.56,170.445,168.65,5708,169.44,581479,169.702123
2023-05-02 04:00:00+00:00,168.55,170.335,167.565,6736,170.07,636554,168.691344
2023-05-03 04:00:00+00:00,167.45,170.89,167.16,8566,169.49,976565,169.465638
2023-05-04 04:00:00+00:00,165.72,167.01,164.315,10192,164.84,1095733,165.680073
2023-05-05 04:00:00+00:00,173.61,174.29,170.76,17198,170.975,2214131,173.354036
2023-05-08 04:00:00+00:00,173.51,173.825,172.12,7584,172.49,756582,173.30338
2023-05-09 04:00:00+00:00,171.8,173.505,171.63,5408,173.04,513868,172.265371
2023-05-10 04:00:00+00:00,173.555,174.01,171.905,7999,172.99,707412,173.146422
2023-05-11 04:00:00+00:00,173.805,174.565,172.19,6044,173.85,543971,173.42178
2023-05-12 04:00:00+00:00,172.545,174.055,171.01,5975,173.69,609003,172.282566
2023-05-15 04:00:00+00:00,172.1,173.2,171.47,5267,173.13,465697,172.120197
2023-05-16 04:00:00+00:00,172.11,173.11,171.83,7650,172.0,824869,172.357564
2023-05-17 04:00:00+00:00,172.68,172.91,170.435,7792,171.68,753167,171.750872
2023-05-18 04:00:00+00:00,175.065,175.23,172.59,7859,173.09,869339,174.245901
2023-05-19 04:00:00+00:00,175.19,176.26,174.95,7629,176.24,740033,175.586349
2023-05-22 04:00:00+00:00,174.25,174.695,173.48,7287,174.09,544613,174.15285
2023-05-23 04:00:00+00:00,171.57,173.33,171.275,7596,173.095,803197,172.294435
2023-05-24 04:00:00+00:00,171.83,172.41,170.575,6635,171.04,677599,171.467565
2023-05-25 04:00:00+00:00,173.025,173.89,171.7,9289,172.61,934931,172.930099
2023-05-26 04:00:00+00:00,175.33,175.73,173.16,6935,173.27,692822,175.156031
2023-05-30 04:00:00+00:00,177.29,178.95,176.6,9417,176.935,1046992,177.459361
2023-05-31 04:00:00+00:00,177.425,179.335,176.8,10051,177.31,1185605,178.279878
2023-06-01 04:00:00+00:00,180.105,180.105,176.945,11353,177.71,949954,179.03547
2023-06-02 04:00:00+00:00,180.89,181.74,179.27,8549,181.09,893320,180.627181
2023-06-05 04:00:00+00:00,179.685,184.95,178.04,17903,182.67,2085987,181.90016
2023-06-06 04:00:00+00:00,179.19,180.07,177.445,11557,179.985,1132662,178.57052
2023-06-07 04:00:00+00:00,177.82,181.185,177.33,9841,178.44,969870,178.755332
2023-06-08 04:00:00+00:00,180.56,180.825,177.47,7695,177.92,707791,179.579377
2023-06-09 04:00:00+00:00,181.07,182.2,180.68,7698,181.53,733481,181.503779
2023-06-12 04:00:00+00:00,183.835,183.885,180.97,9251,181.285,1006313,182.716965
2023-06-13 04:00:00+00:00,183.31,184.14,182.44,8644,182.755,804867,183.179651
2023-06-14 04:00:00+00:00,183.95,184.39,182.05,8672,183.445,777714,183.623829
2023-06-15 04:00:00+00:00,185.99,186.51,183.78,10551,184.07,952122,185.500599
2023-06-16 04:00:00+00:00,185.02,186.8,184.66,11210,186.71,1054986,185.340327
2023-06-20 04:00:00+00:00,185.03,186.08,184.52,7461,184.57,699593,185.38394
2023-06-21 04:00:00+00:00,183.93,185.39,182.605,7889,184.76,833637,184.027092
2023-06-22 04:00:00+00:00,186.965,187.045,183.7,7273,183.74,691321,186.078879
2023-06-23 04:00:00+00:00,186.64,187.56,185.015,8425,185.49,759877,186.463272
2023-06-26 04:00:00+00:00,185.32,187.995,185.24,7773,186.83,784143,186.432273
2023-06-27 04:00:00+00:00,188.04,188.39,185.685,8973,185.91,1037113,187.449918
2023-06-28 04:00:00+00:00,189.29,189.895,187.61,8936,188.12,884623,188.869036
2023-06-29 04:00:00+00:00,189.595,190.03,188.95,6839,189.23,680666,189.493704
2023-06-30 04:00:00+00:00,193.92,194.44,191.28,12216,191.8,1333327,192.862877
2023-07-03 04:00:00+00:00,192.5,193.87,191.765,5773,193.76,503190,192.59156
2023-07-05 04:00:00+00:00,191.335,192.98,190.64,7498,191.67,695988,191.710251
2023-07-06 04:00:00+00:00,191.835,192.01,189.22,8149,189.91,646920,190.671546
2023-07-07 04:00:00+00:00,190.695,192.67,190.25,8086,191.41,739144,191.471728
2023-07-10 04:00:00+00:00,188.62,189.98,187.05,10798,189.26,1035040,188.215583
2023-07-11 04:00:00+00:00,188.05,189.3,186.61,7963,189.3,682882,187.712841
2023-07-12 04:00:00+00:00,189.75,191.68,188.48,8918,189.75,881652,190.021264
2023-07-13 04:00:00+00:00,190.54,191.175,189.78,6531,190.33,661341,190.590789
2023-07-14 04:00:00+00:00,190.72,191.175,189.65,6150,190.2,503785,190.464316
2023-07-17 04:00:00+00:00,193.91,194.31,191.82,7374,191.97,793271,193.321155
2023-07-18 04:00:00+00:00,193.72,194.27,192.42,7765,193.34,793757,193.273813
2023-07-19 04:00:00+00:00,195.085,198.21,192.65,11893,193.08,1090273,194.983253
2023-07-20 04:00:00+00:00,193.17,196.445,192.5,9782,195.05,1014779,194.269229
2023-07-21 04:00:00+00:00,191.94,194.965,191.34,7583,194.09,809136,192.744939
2023-07-24 04:00:00+00:00,192.75,194.87,192.295,6148,193.43,607222,193.343378
2023-07-25 04:00:00+00:00,193.64,194.44,192.96,7950,193.405,615119,193.893839
2023-07-26 04:00:00+00:00,194.51,195.64,193.36,6260,193.67,584956,194.324646
2023-07-27 04:00:00+00:00,193.24,197.195,192.59,9493,196.06,859210,194.837046
2023-07-28 04:00:00+00:00,195.82,196.61,194.14,7470,194.65,700175,195.813593
2023-07-31 04:00:00+00:00,196.465,196.49,195.28,5628,196.12,498162,196.100589
2023-08-01 04:00:00+00:00,195.66,196.7,195.28,5374,196.21,417619,195.853279
2023-08-02 04:00:00+00:00,192.62,195.12,191.855,8882,195.09,736142,192.961288
2023-08-03 04:00:00+00:00,191.08,192.37,190.86,10099,191.545,1121803,191.689844
2023-08-04 04:00:00+00:00,182.0,187.37,181.92,18703,185.23,2194220,184.199571
2023-08-07 04:00:00+00:00,178.86,183.09,177.35,20391,182.16,2544490,178.887518
2023-08-08 04:00:00+00:00,179.825,180.25,177.61,8214,179.62,1024856,178.843038
2023-08-09 04:00:00+00:00,178.11,180.91,177.02,9459,180.86,886140,178.391401
2023-08-10 04:00:00+00:00,178.01,180.725,177.6,8309,179.53,692286,179.03956
2023-08-11 04:00:00+00:00,177.87,178.62,176.56,8342,177.32,733202,177.752382
2023-08-14 04:00:00+00:00,179.49,179.68,177.31,7521,177.93,694787,178.749628
2023-08-15 04:00:00+00:00,177.5,179.475,177.07,6467,178.95,624057,177.901358
2023-08-16 04:00:00+00:00,176.55,178.52,176.5,6904,177.09,641595,177.591067
2023-08-17 04:00:00+00:00,173.98,177.49,173.49,11620,177.14,1119433,174.71509
2023-08-18 04:00:00+00:00,174.49,175.04,171.97,10071,172.04,913845,173.710887
2023-08-21 04:00:00+00:00,175.85,176.12,173.735,8221,175.1,696863,175.05441
2023-08-22 04:00:00+00:00,177.26,177.665,176.26,6060,177.085,588790,176.984371
2023-08-23 04:00:00+00:00,181.18,181.545,178.37,9665,178.55,1020244,180.654328
2023-08-24 04:00:00+00:00,176.34,181.07,176.03,9678,180.61,899107,177.950609
2023-08-25 04:00:00+00:00,178.635,179.14,175.86,8050,177.63,742673,177.766932
2023-08-28 04:00:00+00:00,180.1,180.55,178.59,7950,180.18,655876,179.543297
2023-08-29 04:00:00+00:00,184.13,184.9,179.5,10613,179.82,1115840,183.181646
2023-08-30 04:00:00+00:00,187.72,187.79,184.76,9446,184.89,972006,186.975065
2023-08-31 04:00:00+00:00,187.92,189.12,187.515,9363,187.97,949007,188.34038
2023-09-01 04:00:00+00:00,189.48,189.92,188.32,8985,189.58,672446,188.963086
2023-09-05 04:00:00+00:00,189.73,189.98,187.64,6685,188.27,578512,189.059968
2023-09-06 04:00:00+00:00,182.89,188.7,181.47,19100,188.53,2109936,183.690897
2023-09-07 04:00:00+00:00,177.585,178.205,173.55,20849,175.22,2208228,176.635416
2023-09-08 04:00:00+00:00,178.2,180.205,177.82,10804,178.33,1138078,179.143689
2023-09-11 04:00:00+00:00,179.36,180.3,177.345,9714,180.14,910329,178.768044
2023-09-12 04:00:00+00:00,176.29,180.1,174.85,14201,179.49,1457460,176.633256
2023-09-13 04:00:00+00:00,174.2,177.25,173.98,18329,176.51,1914776,175.136991
2023-09-14 04:00:00+00:00,175.74,176.09,173.6,13219,174.0,1153419,175.352592
2023-09-15 04:00:00+00:00,174.95,176.48,173.825,13640,176.48,1292908,174.883506
2023-09-18 04:00:00+00:00,178.0,179.38,176.45,11648,176.58,1125592,177.901386
2023-09-19 04:00:00+00:00,179.09,179.62,177.155,9181,177.49,818853,178.315573
2023-09-20 04:00:00+00:00,175.48,179.695,175.46,11232,179.27,1000101,177.06274
2023-09-21 04:00:00+00:00,173.88,176.3,173.86,10489,174.51,1003668,175.044364
2023-09-22 04:00:00+00:00,174.75,177.07,174.07,11281,174.69,1120529,175.668033
2023-09-25 04:00:00+00:00,176.11,176.94,174.23,10060,174.28,1093916,175.564517
2023-09-26 04:00:00+00:00,172.005,175.05,171.66,14540,175.0,1368178,172.770863
2023-09-27 04:00:00+00:00,170.41,173.04,169.075,16489,172.61,1903607,170.484482
2023-09-28 04:00:00+00:00,170.74,172.02,167.65,12063,169.67,1247835,170.327432
2023-09-29 04:00:00+00:00,171.29,173.06,170.36,12630,172.015,923134,171.748396
2023-10-02 04:00:00+00:00,173.73,174.3,171.04,9998,171.12,938600,173.270627
2023-10-03 04:00:00+00:00,172.51,173.62,170.82,10382,172.37,810415,172.120739
2023-10-04 04:00:00+00:00,173.59,174.21,170.99,11468,171.07,1031823,172.884731
2023-10-05 04:00:00+00:00,174.98,175.44,172.7,11012,173.76,776932,174.032664
2023-10-06 04:00:00+00:00,177.49,177.99,173.19,13113,173.91,940691,176.434062
2023-10-09 04:00:00+00:00,179.01,179.045,175.83,6551,176.65,584575,177.953714
2023-10-10 04:00:00+00:00,178.41,179.71,177.96,12287,178.12,864737,178.728611
2023-10-11 04:00:00+00:00,179.77,179.85,177.62,7909,178.2,769706,178.816503
2023-10-12 04:00:00+00:00,180.69,182.34,179.045,11500,180.02,1314252,180.969126
2023-10-13 04:00:00+00:00,178.89,181.925,178.17,9407,181.39,849143,179.485423
2023-10-16 04:00:00+00:00,178.68,179.055,176.58,9244,176.81,920268,178.156051
2023-10-17 04:00:00+00:00,177.14,178.41,174.8,11263,176.66,1083725,176.742782
2023-10-18 04:00:00+00:00,175.8,177.575,175.12,9118,175.55,857376,176.377193
2023-10-19 04:00:00+00:00,175.47,177.815,175.21,10991,175.97,1006321,176.416649
2023-10-20 04:00:00+00:00,172.87,175.4,172.66,13285,175.245,1249851,173.761672
2023-10-23 04:00:00+00:00,172.97,174.0,169.93,12422,170.97,1200711,172.201755
2023-10-24 04:00:00+00:00,173.39,173.67,171.49,12367,173.05,951687,172.636335
2023-10-25 04:00:00+00:00,171.1,173.04,170.68,13870,171.83,1255427,171.568335
2023-10-26 04:00:00+00:00,166.77,171.34,165.71,19204,170.51,1859226,167.640144
2023-10-27 04:00:00+00:00,168.29,168.95,166.855,11945,166.955,1122338,167.823565
2023-10-30 04:00:00+00:00,170.28,171.155,168.91,13098,169.065,1254171,170.061729
2023-10-31 04:00:00+00:00,170.73,170.9,167.94,9926,169.27,825973,169.754525
2023-11-01 04:00:00+00:00,173.92,174.225,170.14,16171,170.97,1570910,172.342782
2023-11-02 04:00:00+00:00,177.65,177.74,175.47,19991,175.51,2071914,176.991477
2023-11-03 04:00:00+00:00,176.64,176.8,173.385,18496,174.25,1859113,175.506828
2023-11-06 05:00:00+00:00,179.3,179.42,176.21,10652,176.49,978100,178.596597
2023-11-07 05:00:00+00:00,181.88,182.44,178.98,14941,179.21,1384648,181.407334
2023-11-08 05:00:00+00:00,182.89,183.435,181.62,9599,182.29,862999,182.628783
2023-11-09 05:00:00+00:00,182.48,184.07,181.82,9572,182.93,906460,182.889837
2023-11-10 05:00:00+00:00,186.335,186.555,183.58,16304,183.92,1769685,185.1405
2023-11-13 05:00:00+00:00,184.76,186.015,184.24,9956,185.83,899630,184.78097
2023-11-14 05:00:00+00:00,187.41,188.1,186.34,13996,187.63,1413535,187.287638
2023-11-15 05:00:00+00:00,188.15,189.49,187.785,9738,187.99,816730,188.517853
2023-11-16 05:00:00+00:00,189.8,190.945,188.735,12849,189.59,1032052,189.704722
2023-11-17 05:00:00+00:00,189.75,190.35,188.58,7781,190.255,591204,189.576962
2023-11-20 05:00:00+00:00,191.52,191.9,189.94,8736,189.995,716956,191.306517
2023-11-21 05:00:00+00:00,190.66,191.485,189.75,7083,191.485,671770,190.473286
2023-11-22 05:00:00+00:00,191.31,192.93,190.84,7212,191.58,706624,191.791659
2023-11-24 05:00:00+00:00,189.93,190.89,189.25,6056,190.89,435850,189.727891
2023-11-27 05:00:00+00:00,189.79,190.67,188.94,8367,189.96,575852,189.770206
2023-11-28 05:00:00+00:00,190.27,191.07,189.46,7716,189.82,652256,190.170172
2023-11-29 05:00:00+00:00,189.355,192.08,188.97,11772,190.92,874963,190.087129
2023-11-30 05:00:00+00:00,189.88,190.21,188.2,8820,189.88,701221,189.026218
2023-12-01 05:00:00+00:00,191.21,191.55,189.235,11816,190.305,1099323,190.719622
2023-12-04 05:00:00+00:00,189.44,190.025,187.465,12318,190.025,1074305,188.728426
2023-12-05 05:00:00+00:00,193.5,194.4,190.18,14612,190.21,1450126,193.269987
2023-12-06 05:00:00+00:00,192.33,194.76,192.14,9639,194.47,811100,192.778463
2023-12-07 05:00:00+00:00,194.2,194.99,193.59,9711,193.63,820399,194.494516
2023-12-08 05:00:00+00:00,195.69,195.99,193.67,9637,194.17,847965,195.027471
2023-12-11 05:00:00+00:00,193.18,193.465,191.42,14676,193.095,1349868,192.548548
2023-12-12 05:00:00+00:00,194.7,194.7,191.74,10269,193.03,955319,193.598094
2023-12-13 05:00:00+00:00,197.86,197.985,194.94,12529,194.99,1211959,196.726625
2023-12-14 05:00:00+00:00,198.16,199.615,196.165,16597,198.08,2022949,198.500899
2023-12-15 05:00:00+00:00,197.09,198.38,197.03,10891,197.87,1092291,197.68116
2023-12-18 05:00:00+00:00,195.91,196.6,194.41,12399,196.24,1161259,195.412864
2023-12-19 05:00:00+00:00,196.92,196.95,195.89,8618,196.11,757894,196.402489
2023-12-20 05:00:00+00:00,194.945,197.675,194.905,11645,196.89,1115769,196.765548
2023-12-21 05:00:00+00:00,194.7,197.07,193.525,11548,196.15,932858,194.764188
2023-12-22 05:00:00+00:00,193.59,195.39,192.97,10211,195.2,795698,194.107088
2023-12-26 05:00:00+00:00,193.09,193.885,192.83,6221,193.61,495620,193.157106
2023-12-27 05:00:00+00:00,193.19,193.49,191.09,9379,192.47,742071,192.445941
2023-12-28 05:00:00+00:00,193.61,194.65,193.23,9193,194.12,709838,193.933398
2023-12-29 05:00:00+00:00,192.61,194.36,191.745,8872,193.87,669836,192.531979
2024-01-02 05:00:00+00:00,185.55,188.34,183.9,18557,187.17,1795262,185.842446
2024-01-03 05:00:00+00:00,184.24,185.86,183.44,11052,184.29,1057604,184.265866
2024-01-04 05:00:00+00:00,182.0,183.07,180.885,11872,181.95,1144583,181.972833
2024-01-05 05:00:00+00:00,181.09,182.74,180.18,12129,181.81,1008242,181.437927
2024-01-08 05:00:00+00:00,185.535,185.59,181.555,10601,182.11,886360,184.007385
2024-01-09 05:00:00+00:00,185.07,185.13,182.73,10460,183.93,822969,184.285075
2024-01-10 05:00:00+00:00,186.13,186.39,183.935,10480,184.33,938680,184.937353
2024-01-11 05:00:00+00:00,185.63,187.015,183.64,9990,186.61,822741,184.884711
2024-01-12 05:00:00+00:00,185.83,186.68,185.2,7269,186.07,540174,185.789184
2024-01-16 05:00:00+00:00,183.57,184.24,180.945,11915,182.25,1015623,182.503296
2024-01-17 05:00:00+00:00,182.64,182.93,180.31,9786,181.3,808734,181.832214
2024-01-18 05:00:00+00:00,188.7,189.135,185.89,13838,186.06,1405733,187.839478
2024-01-19 05:00:00+00:00,191.55,191.945,188.845,12668,189.35,1126703,190.521167
2024-01-22 05:00:00+00:00,193.89,195.325,192.32,10927,192.39,982662,194.157271
2024-01-23 05:00:00+00:00,195.13,195.71,193.835,9369,195.13,859426,194.77337
2024-01-24 05:00:00+00:00,194.565,196.37,194.35,10639,195.62,984417,195.331256
2024-01-25 05:00:00+00:00,194.19,196.26,193.135,13098,195.32,1197888,194.870912
2024-01-26 05:00:00+00:00,192.37,194.74,191.94,11044,194.265,1046244,193.255394
2024-01-29 05:00:00+00:00,191.765,192.2,189.615,8112,192.06,773726,191.220332
2024-01-30 05:00:00+00:00,188.0,191.78,187.47,15191,190.87,1423865,188.755877
2024-01-31 05:00:00+00:00,184.41,187.04,184.41,12445,187.04,1019028,185.541644
2024-02-01 05:00:00+00:00,186.88,186.9,183.84,16456,183.9,1609313,185.968566
2024-02-02 05:00:00+00:00,185.84,187.33,179.25,18368,179.805,1859029,184.745887
2024-02-05 05:00:00+00:00,187.64,189.25,185.86,12597,188.235,1332617,187.835612
2024-02-06 05:00:00+00:00,189.3,189.3,186.79,10394,186.87,1060730,188.453003
2024-02-07 05:00:00+00:00,189.37,191.01,188.61,8345,190.585,748945,189.287549
2024-02-08 05:00:00+00:00,188.38,189.5,187.36,7538,189.5,599296,188.305291
2024-02-09 05:00:00+00:00,188.835,189.99,188.0,7678,188.675,647934,188.932162
2024-02-12 05:00:00+00:00,187.2,188.65,186.81,8066,188.42,715865,187.74444
2024-02-13 05:00:00+00:00,185.085,186.19,183.53,12188,185.81,901404,184.95767
2024-02-14 05:00:00+00:00,184.02,185.46,182.44,11764,185.29,962136,183.358637
2024-02-15 05:00:00+00:00,183.86,184.465,181.44,12956,183.66,1262044,182.585952
2024-02-16 05:00:00+00:00,182.3,184.82,181.685,10476,183.45,1001401,182.642808
2024-02-20 05:00:00+00:00,181.64,182.42,180.01,13083,181.775,1160868,180.943704
2024-02-21 05:00:00+00:00,182.32,182.88,180.685,6809,182.05,524687,181.840292
2024-02-22 05:00:00+00:00,184.34,184.95,182.48,10161,183.47,887144,183.85355
2024-02-23 05:00:00+00:00,182.5,185.015,182.31,7906,185.015,644916,182.976296
2024-02-26 05:00:00+00:00,181.2,182.74,180.65,7647,182.33,557749,181.3234
2024-02-27 05:00:00+00:00,182.66,183.895,180.01,11619,181.095,933013,181.600284
2024-02-28 05:00:00+00:00,181.45,182.97,180.13,7832,182.54,675525,181.081743
2024-02-29 05:00:00+00:00,180.73,182.54,179.56,13951,181.32,1344358,180.614779
2024-03-01 05:00:00+00:00,179.64,180.48,177.38,12651,179.66,1182815,178.940437
2024-03-04 05:00:00+00:00,175.09,176.85,173.79,21331,176.3,1705811,174.759337
2024-03-05 05:00:00+00:00,170.13,172.02,169.64,14852,170.8,1462313,170.367208
2024-03-06 05:00:00+00:00,169.11,171.21,168.71,11875,171.115,909179,169.541027
2024-03-07 05:00:00+00:00,168.97,170.685,168.5,13510,169.15,1216615,169.345488
2024-03-08 05:00:00+00:00,170.98,173.68,168.975,14317,169.03,1143439,171.734353
2024-03-11 04:00:00+00:00,172.81,174.365,172.05,11678,172.975,861917,173.013749
2024-03-12 04:00:00+00:00,173.2,174.02,171.035,12767,173.15,947381,172.772685
2024-03-13 04:00:00+00:00,171.13,173.145,170.8,9386,172.82,767444,171.424003
2024-03-14 04:00:00+00:00,173.1,174.29,172.1,12302,172.96,969761,173.13111
2024-03-15 04:00:00+00:00,172.59,172.6,170.31,13814,171.51,1136598,171.284886
2024-03-18 04:00:00+00:00,173.68,177.7,173.525,10563,175.63,914090,175.942469
2024-03-19 04:00:00+00:00,176.1,176.605,173.03,9644,174.34,821941,175.533757
2024-03-20 04:00:00+00:00,178.61,178.61,175.12,8511,175.64,705914,176.973716
2024-03-21 04:00:00+00:00,171.38,177.475,170.85,17743,177.055,1645615,172.641385
2024-03-22 04:00:00+00:00,172.27,173.05,170.07,10638,171.76,948816,171.867513
2024-03-25 04:00:00+00:00,170.89,171.93,169.45,11141,170.47,794426,170.708677
2024-03-26 04:00:00+00:00,169.89,171.38,169.63,8682,170.05,637480,170.436166
2024-03-27 04:00:00+00:00,173.355,173.6,170.13,11341,170.45,976859,172.527728
2024-03-28 04:00:00+00:00,171.51,172.22,170.53,8587,171.87,763045,171.410035
2024-04-01 04:00:00+00:00,169.97,171.21,169.485,7834,171.195,578838,170.040962
2024-04-02 04:00:00+00:00,168.93,169.34,168.27,8822,169.1,775556,168.920771
2024-04-03 04:00:00+00:00,169.74,170.67,168.62,7948,168.735,663801,169.906197
2024-04-04 04:00:00+00:00,168.86,171.905,168.84,9203,170.65,737973,170.218373
2024-04-05 04:00:00+00:00,169.68,170.36,168.98,7193,169.565,609765,169.646929
2024-04-08 04:00:00+00:00,168.54,169.175,168.27,5507,169.175,426750,168.704113
2024-04-09 04:00:00+00:00,169.7,170.065,168.35,7574,168.79,554900,169.090734
2024-04-10 04:00:00+00:00,167.73,169.06,167.12,9853,168.9,648092,168.005996
2024-04-11 04:00:00+00:00,175.04,175.455,168.185,14967,168.26,1987855,172.558248
2024-04-12 04:00:00+00:00,176.62,178.35,174.23,20577,174.39,2326731,176.252341
2024-04-15 04:00:00+00:00,172.73,176.61,172.51,18996,175.455,2005050,174.345854
2024-04-16 04:00:00+00:00,169.34,173.75,168.27,12660,171.69,1175534,170.333464
2024-04-17 04:00:00+00:00,168.01,170.63,168.0,8412,169.53,605430,169.118244
2024-04-18 04:00:00+00:00,167.03,168.62,166.57,9593,168.06,901199,167.435454
2024-04-19 04:00:00+00:00,164.96,166.38,164.08,11948,165.99,1032397,165.060773
2024-04-22 04:00:00+00:00,165.91,167.25,164.78,9921,165.53,934080,166.034684
2024-04-23 04:00:00+00:00,166.81,167.05,165.03,9223,165.35,782098,166.483532
2024-04-24 04:00:00+00:00,169.075,169.29,166.28,8610,166.425,787955,168.33696
2024-04-25 04:00:00+00:00,169.94,170.59,168.18,11262,169.525,1291953,169.565757
2024-04-26 04:00:00+00:00,169.19,171.32,169.19,6736,169.96,536766,170.147588
2024-04-29 04:00:00+00:00,173.48,176.03,173.145,11453,173.4,1210678,174.740879
2024-04-30 04:00:00+00:00,170.05,174.98,170.05,8609,173.39,619499,173.13489
2024-05-01 04:00:00+00:00,169.34,172.675,169.145,6345,169.82,603050,170.764459
2024-05-02 04:00:00+00:00,173.13,173.41,170.9,13697,172.42,1356609,172.316183
2024-05-03 04:00:00+00:00,183.36,186.97,182.68,33331,186.65,3997192,184.610231
2024-05-06 04:00:00+00:00,181.62,184.14,180.43,11235,182.38,1069082,182.014122
2024-05-07 04:00:00+00:00,182.35,184.89,181.33,9678,183.59,850277,182.873541
2024-05-08 04:00:00+00:00,182.73,183.04,181.47,6326,182.83,550059,182.509883
2024-05-09 04:00:00+00:00,184.62,184.65,182.14,8324,182.635,778041,183.844813
2024-05-10 04:00:00+00:00,183.01,185.085,182.15,7256,184.9,718467,183.086128
2024-05-13 04:00:00+00:00,186.28,187.1,184.64,11128,185.465,1323520,186.250584
2024-05-14 04:00:00+00:00,187.38,188.245,186.305,6585,187.775,582177,187.394469
2024-05-15 04:00:00+00:00,189.73,190.63,187.38,7647,187.97,889908,189.812335
2024-05-16 04:00:00+00:00,189.93,191.09,189.67,6699,190.41,736398,190.207032
2024-05-17 04:00:00+00:00,189.865,190.79,189.22,4004,189.22,436685,189.948088
2024-05-20 04:00:00+00:00,191.045,191.91,189.03,8770,189.295,964055,191.225453
2024-05-21 04:00:00+00:00,192.37,192.72,190.93,5988,191.085,561888,192.287412
2024-05-22 04:00:00+00:00,190.925,192.82,190.28,4139,192.3,410858,191.62025
2024-05-23 04:00:00+00:00,186.91,190.97,186.635,6959,190.96,724321,188.460177
2024-05-24 04:00:00+00:00,190.0,190.56,188.06,4691,188.87,469969,189.840155
2024-05-28 04:00:00+00:00,190.1,192.98,189.13,8188,191.53,838111,190.784704
2024-05-29 04:00:00+00:00,190.37,192.24,189.61,7539,189.65,743546,191.242179
2024-05-30 04:00:00+00:00,191.28,192.175,190.65,8456,190.75,707884,191.490118
2024-05-31 04:00:00+00:00,192.31,192.56,189.915,9601,191.345,1346295,191.230036
2024-06-03 04:00:00+00:00,193.99,194.99,192.6,4460,192.985,390603,193.85831
2024-06-04 04:00:00+00:00,194.31,195.295,193.14,5720,194.845,517834,194.24631
2024-06-05 04:00:00+00:00,195.87,196.885,194.905,8954,195.39,856960,195.942253
2024-06-06 04:00:00+00:00,194.435,196.49,194.175,6670,195.72,568869,195.507859
2024-06-07 04:00:00+00:00,196.88,196.93,194.16,9420,194.77,901606,195.881184
2024-06-10 04:00:00+00:00,193.15,197.23,192.24,14573,196.905,1746307,194.510262
2024-06-11 04:00:00+00:00,207.15,207.15,193.65,22998,193.66,2713867,202.770913
2024-06-12 04:00:00+00:00,213.17,220.19,206.93,25670,207.385,3330445,215.430765
2024-06-13 04:00:00+00:00,214.22,216.64,211.615,14105,214.72,1704323,213.914572
2024-06-14 04:00:00+00:00,212.57,215.08,211.34,9849,213.765,1048695,212.656188
2024-06-17 04:00:00+00:00,216.67,218.93,212.81,16841,213.275,1856996,216.568855
2024-06-18 04:00:00+00:00,214.38,218.61,213.0,11778,217.63,1240896,215.160912
2024-06-20 04:00:00+00:00,209.55,214.22,208.87,9832,213.995,887236,211.026032
2024-06-21 04:00:00+00:00,207.215,211.85,207.215,13057,210.39,1486160,209.73777
2024-06-24 04:00:00+00:00,208.29,212.65,206.65,8182,207.7,693762,209.226893
2024-06-25 04:00:00+00:00,209.17,211.335,208.635,6519,209.125,468769,209.925963
2024-06-26 04:00:00+00:00,213.17,214.825,210.69,8752,211.48,895570,213.002481
2024-06-27 04:00:00+00:00,214.11,215.7,212.395,8768,214.74,760763,213.921155
2024-06-28 04:00:00+00:00,210.61,216.045,210.31,12229,215.83,1405664,213.616389
2024-07-01 04:00:00+00:00,216.7,217.505,211.95,9579,212.16,849200,215.364875
2024-07-02 04:00:00+00:00,220.35,220.35,215.14,6456,216.16,611120,218.843448
2024-07-03 04:00:00+00:00,221.53,221.53,219.045,6229,219.93,568282,220.442743
2024-07-05 04:00:00+00:00,226.35,226.445,221.68,9109,221.705,762352,224.833265
2024-07-08 04:00:00+00:00,227.81,227.84,223.27,7755,227.125,624992,226.115526
2024-07-09 04:00:00+00:00,228.69,229.38,226.38,6075,228.23,514553,228.188247
2024-07-10 04:00:00+00:00,232.93,233.06,229.31,12145,229.38,1112322,231.519155
2024-07-11 04:00:00+00:00,227.66,232.3,225.78,10931,231.425,812486,228.72584
2024-07-12 04:00:00+00:00,230.27,232.61,228.685,8833,229.03,753812,231.180272
2024-07-15 04:00:00+00:00,234.43,237.16,233.115,7583,236.63,582872,235.162714
2024-07-16 04:00:00+00:00,234.83,236.25,232.38,6294,235.205,488572,234.225632
2024-07-17 04:00:00+00:00,228.96,231.35,226.685,9907,229.46,845050,228.899229
2024-07-18 04:00:00+00:00,224.21,230.29,222.45,8682,230.29,694929,225.130049
2024-07-19 04:00:00+00:00,224.44,226.77,223.31,4403,224.88,434480,224.74987
2024-07-22 04:00:00+00:00,224.16,227.77,223.18,5263,227.335,472525,225.339047
2024-07-23 04:00:00+00:00,224.92,226.925,222.68,7179,224.365,465219,225.133771
2024-07-24 04:00:00+00:00,218.585,224.765,217.165,13651,224.115,1005989,218.912417
2024-07-25 04:00:00+00:00,217.42,220.81,214.64,7440,218.88,642703,218.018176
2024-07-26 04:00:00+00:00,218.03,219.48,216.04,7218,218.94,661067,217.760339
2024-07-29 04:00:00+00:00,218.185,219.28,215.79,5090,217.375,381966,218.227041
2024-07-30 04:00:00+00:00,218.68,220.27,216.12,7035,219.3,559407,218.264206
2024-07-31 04:00:00+00:00,222.18,223.81,220.91,6088,221.52,549326,222.356755
2024-08-01 04:00:00+00:00,218.51,224.4,217.03,14017,224.34,1321543,219.612903
2024-08-02 04:00:00+00:00,219.81,225.57,217.77,22071,219.06,2263645,222.368742
2024-08-05 04:00:00+00:00,209.23,213.45,196.0,26570,199.16,2582819,207.884633
2024-08-06 04:00:00+00:00,207.14,209.98,201.1,15688,205.38,1429961,206.723453
2024-08-07 04:00:00+00:00,209.81,213.625,206.45,8202,206.9,724474,211.291037
2024-08-08 04:00:00+00:00,213.35,214.2,208.91,10071,213.09,838953,212.6759
2024-08-09 04:00:00+00:00,216.16,216.74,211.99,10668,212.06,911230,215.063684
2024-08-12 04:00:00+00:00,217.6,219.5,215.63,7383,216.07,564185,217.557576
2024-08-13 04:00:00+00:00,221.21,221.87,219.185,7359,219.185,589109,220.938714
2024-08-14 04:00:00+00:00,221.63,223.0,219.7,7084,220.51,620996,221.481998
2024-08-15 04:00:00+00:00,224.69,225.35,222.8,8952,224.6,720255,224.54636
2024-08-16 04:00:00+00:00,226.06,226.8,223.67,6508,223.98,459595,225.387631
2024-08-19 04:00:00+00:00,225.82,225.93,223.07,7494,225.57,637982,224.534087
2024-08-20 04:00:00+00:00,226.53,227.165,225.515,7091,225.83,518769,226.51804
2024-08-21 04:00:00+00:00,226.32,227.97,225.24,6637,226.58,576993,226.395561
2024-08-22 04:00:00+00:00,224.7,228.32,223.91,10006,227.59,750261,225.711204
2024-08-23 04:00:00+00:00,226.8,228.22,224.36,8600,225.96,746287,226.607476
2024-08-26 04:00:00+00:00,227.24,227.27,223.93,8641,226.745,537463,225.698481
2024-08-27 04:00:00+00:00,228.13,228.845,224.93,7427,225.995,580021,227.709967
2024-08-28 04:00:00+00:00,226.395,229.85,225.74,8964,228.025,666448,227.60622
2024-08-29 04:00:00+00:00,229.83,232.92,228.89,13092,230.1,962928,231.297605
2024-08-30 04:00:00+00:00,228.88,230.38,227.5,9799,230.23,732245,228.697243
2024-09-03 04:00:00+00:00,222.72,229.0,221.24,12525,228.59,893528,223.596085
2024-09-04 04:00:00+00:00,220.73,221.75,217.49,13621,221.72,1276056,219.615737
2024-09-05 04:00:00+00:00,222.29,225.47,221.64,8511,221.64,666252,223.228101
2024-09-06 04:00:00+00:00,220.95,225.23,219.83,12497,223.94,1049899,222.140792
2024-09-09 04:00:00+00:00,220.95,221.24,216.72,19385,221.03,1606171,219.101326
2024-09-10 04:00:00+00:00,220.1,221.455,216.78,11418,218.86,957648,219.375388
2024-09-11 04:00:00+00:00,222.56,223.07,217.91,10217,221.29,844135,220.808316
2024-09-12 04:00:00+00:00,222.85,223.535,219.84,8534,222.39,677459,222.269937
2024-09-13 04:00:00+00:00,222.42,224.0,222.0,7783,223.79,637521,222.949301
2024-09-16 04:00:00+00:00,216.46,217.2,213.94,15791,216.6,1439907,215.759954
2024-09-17 04:00:00+00:00,216.85,216.895,214.5,10436,215.75,949661,216.089835
2024-09-18 04:00:00+00:00,220.83,222.63,217.55,13529,217.55,1204282,220.486185
2024-09-19 04:00:00+00:00,228.905,229.795,224.65,20717,225.095,2617911,228.67998
2024-09-20 04:00:00+00:00,228.535,233.075,227.68,27153,229.98,3617727,230.841028
2024-09-23 04:00:00+00:00,226.49,229.44,225.85,13830,227.18,1013326,227.116283
2024-09-24 04:00:00+00:00,227.46,229.34,225.75,9408,228.645,716012,227.121693
2024-09-25 04:00:00+00:00,226.36,227.26,224.02,10877,224.99,917606,225.592219
2024-09-26 04:00:00+00:00,227.665,228.45,225.515,10562,227.57,876871,227.232713
2024-09-27 04:00:00+00:00,227.73,229.495,227.3,9674,228.57,718703,228.236908
2024-09-30 04:00:00+00:00,232.85,233.0,229.68,11761,230.04,929770,231.79214
2024-10-01 04:00:00+00:00,226.205,229.58,223.75,16829,229.52,1491424,225.654022
2024-10-02 04:00:00+00:00,226.77,227.35,223.03,8905,226.095,813257,225.932789
2024-10-03 04:00:00+00:00,225.6,226.805,223.33,8995,225.14,790847,224.810223
2024-10-04 04:00:00+00:00,226.69,227.96,224.17,11005,227.92,920089,225.555987
2024-10-07 04:00:00+00:00,221.74,225.68,221.33,9531,224.47,818946,223.854019
2024-10-08 04:00:00+00:00,225.79,225.97,223.28,9847,224.26,746690,225.083015
2024-10-09 04:00:00+00:00,229.51,229.745,224.92,8521,225.17,684369,228.283302
2024-10-10 04:00:00+00:00,229.03,229.49,227.17,6658,227.8,455382,228.425597
2024-10-11 04:00:00+00:00,227.51,229.395,227.37,6684,229.395,544805,228.191596
2024-10-14 04:00:00+00:00,231.3,231.73,228.65,7979,228.72,691749,230.659248
2024-10-15 04:00:00+00:00,233.93,237.49,232.4,14301,233.635,1152069,235.047015
2024-10-16 04:00:00+00:00,231.72,232.09,229.85,9252,231.6,717358,230.822274
2024-10-17 04:00:00+00:00,232.17,233.765,230.55,7104,233.46,548744,231.990681
2024-10-18 04:00:00+00:00,234.95,236.01,234.04,9851,236.01,849948,235.175112
2024-10-21 04:00:00+00:00,236.48,236.8,234.54,7525,234.785,555366,235.833979
2024-10-22 04:00:00+00:00,235.89,236.18,232.67,6699,233.86,562790,234.461771
2024-10-23 04:00:00+00:00,230.675,235.13,227.77,14930,234.1,1283638,230.922008
2024-10-24 04:00:00+00:00,230.6,230.815,228.42,9280,229.97,801959,229.872667
2024-10-25 04:00:00+00:00,231.22,233.12,229.6,7913,229.74,613894,231.885184
2024-10-28 04:00:00+00:00,233.51,234.71,232.565,7828,233.32,577877,233.755929
2024-10-29 04:00:00+00:00,233.73,234.325,232.36,7227,233.2,520565,233.592443
2024-10-30 04:00:00+00:00,230.16,233.22,229.57,12936,232.655,1092531,231.002701
2024-10-31 04:00:00+00:00,225.73,229.81,225.46,15512,229.24,1473753,227.572394
2024-11-01 04:00:00+00:00,222.86,225.33,220.33,15037,220.82,1509039,222.761729
2024-11-04 05:00:00+00:00,222.07,222.78,219.73,10069,221.08,765975,221.794262
2024-11-05 05:00:00+00:00,223.48,223.945,221.81,7798,221.81,544210,222.999027
2024-11-06 05:00:00+00:00,222.59,226.045,221.23,17977,222.6,1776205,224.157896
2024-11-07 05:00:00+00:00,227.405,227.875,224.61,9162,224.67,750937,226.690966
2024-11-08 05:00:00+00:00,227.16,228.63,226.405,8993,227.3,619490,227.338315
2024-11-11 05:00:00+00:00,224.26,225.68,221.5,14511,224.91,1143417,223.279886
2024-11-12 05:00:00+00:00,224.26,225.545,223.36,13212,224.575,1003430,224.450431
2024-11-13 05:00:00+00:00,225.19,226.63,222.79,11701,223.935,936950,224.973263
2024-11-14 05:00:00+00:00,228.3,228.84,225.0,13314,225.0,966299,227.168558
2024-11-15 05:00:00+00:00,224.95,226.88,224.28,10234,225.92,742110,224.976987
2024-11-18 05:00:00+00:00,228.16,229.735,225.17,10442,225.3,719007,228.004347
2024-11-19 05:00:00+00:00,228.21,230.16,226.73,8190,226.74,632129,228.731541
2024-11-20 05:00:00+00:00,229.0,229.92,225.9,7783,228.05,509286,227.6071
2024-11-21 05:00:00+00:00,228.48,230.13,225.72,11131,228.785,985294,228.337011
2024-11-22 05:00:00+00:00,229.75,230.71,228.175,9155,228.23,827598,229.656916
2024-11-25 05:00:00+00:00,232.89,233.24,229.74,10483,231.49,860206,231.678886
2024-11-26 05:00:00+00:00,234.98,235.55,233.43,9245,233.43,693660,234.788591
2024-11-27 05:00:00+00:00,234.99,235.62,233.84,6491,234.66,467635,234.748937
2024-11-29 05:00:00+00:00,237.39,237.8,233.97,6693,234.805,549571,236.233616
2024-12-02 05:00:00+00:00,239.635,240.76,237.18,9239,237.33,745588,239.570478
2024-12-03 05:00:00+00:00,242.65,242.76,238.99,10549,239.9,886105,241.389563
2024-12-04 05:00:00+00:00,242.94,244.1,241.26,11042,242.86,760420,242.976694
2024-12-05 05:00:00+00:00,243.07,244.455,242.195,9601,244.06,827553,242.963756
2024-12-06 05:00:00+00:00,242.69,244.625,242.12,8640,242.96,672959,243.328777
2024-12-09 05:00:00+00:00,246.89,247.24,241.8,12728,241.865,978692,245.878582
2024-12-10 05:00:00+00:00,247.81,248.205,245.35,10225,246.91,812772,247.035049
2024-12-11 05:00:00+00:00,246.455,250.77,246.275,9000,247.96,738775,248.418374
2024-12-12 05:00:00+00:00,248.02,248.73,245.75,9600,246.93,622093,247.760777
2024-12-13 05:00:00+00:00,248.08,249.245,246.25,7516,247.91,639940,247.478336
2024-12-16 05:00:00+00:00,251.03,251.355,247.73,10050,247.955,926663,250.142118
2024-12-17 05:00:00+00:00,253.5,253.8,249.87,15912,250.19,1407054,252.832024
2024-12-18 05:00:00+00:00,247.95,254.265,247.74,16002,252.22,1377103,251.490221
2024-12-19 05:00:00+00:00,249.73,251.84,247.11,16193,247.46,1265123,250.127927
2024-12-20 05:00:00+00:00,254.6,255.0,246.335,13890,248.175,1193742,252.137407
2024-12-23 05:00:00+00:00,254.26,255.615,253.45,3431,254.84,315725,254.578456
2024-12-24 05:00:00+00:00,258.18,258.19,255.36,5399,255.52,456446,257.205731
2024-12-26 05:00:00+00:00,259.15,260.1,257.68,6500,258.355,491615,258.976629
2024-12-27 05:00:00+00:00,255.635,258.64,253.07,10684,257.93,912043,254.970835
2024-12-30 05:00:00+00:00,252.15,253.5,250.75,10886,252.085,857519,252.286198
2024-12-31 05:00:00+00:00,250.545,253.14,249.45,10159,252.6,803764,250.827361
2025-01-02 05:00:00+00:00,243.82,249.025,241.845,19452,248.93,1720928,244.108677
2025-01-03 05:00:00+00:00,243.41,244.165,241.89,12869,243.315,1182159,242.982652
2025-01-06 05:00:00+00:00,245.025,247.33,243.88,13645,244.31,970622,245.353308
2025-01-07 05:00:00+00:00,242.26,245.53,241.38,12788,242.77,1048220,243.3609
2025-01-08 05:00:00+00:00,242.63,243.67,240.16,12123,241.97,868980,242.059482
2025-01-10 05:00:00+00:00,236.76,240.13,233.005,19127,240.025,1713784,236.259838
2025-01-13 05:00:00+00:00,234.41,234.67,229.72,15685,233.52,1352710,231.803254
2025-01-14 05:00:00+00:00,233.345,236.1,232.48,12089,234.76,1051611,234.006789
2025-01-15 05:00:00+00:00,237.765,238.52,234.445,11308,234.755,1048228,237.589184
2025-01-16 05:00:00+00:00,228.24,237.95,228.04,21235,237.42,1917016,230.716528
2025-01-17 05:00:00+00:00,229.96,232.09,228.51,13897,232.01,1129750,230.186759
2025-01-21 05:00:00+00:00,222.59,224.39,219.39,24079,224.255,2272802,221.290319
2025-01-22 05:00:00+00:00,223.81,223.98,219.825,19690,219.85,1380909,222.563198
2025-01-23 05:00:00+00:00,223.57,227.01,222.3,14641,224.74,1397373,224.222945
2025-01-24 05:00:00+00:00,222.85,225.615,221.42,14017,225.1,1287472,223.218487
2025-01-27 05:00:00+00:00,229.98,232.14,224.02,32074,224.02,2657424,229.023451
2025-01-28 05:00:00+00:00,238.23,240.19,230.85,21850,230.85,2008290,237.484645
2025-01-29 05:00:00+00:00,239.315,239.85,234.05,14175,234.15,1126638,237.324522
2025-01-30 05:00:00+00:00,237.53,240.77,237.245,16009,238.78,1419403,238.746666
2025-01-31 05:00:00+00:00,235.96,247.19,233.45,23043,247.125,2073352,238.912188
2025-02-03 05:00:00+00:00,227.92,231.82,225.7,24723,229.98,2273201,227.993758
2025-02-04 05:00:00+00:00,232.81,233.13,226.66,16088,227.25,1318554,231.058801
2025-02-05 05:00:00+00:00,232.45,232.665,228.3,11762,228.31,920706,230.301674
2025-02-06 05:00:00+00:00,233.175,233.775,230.45,10528,231.325,782002,232.193964
2025-02-07 05:00:00+00:00,227.68,234.0,227.27,12691,232.405,927073,229.375907
2025-02-10 05:00:00+00:00,227.66,230.58,227.205,10018,229.58,734280,228.766555
2025-02-11 05:00:00+00:00,232.59,235.225,228.2,15176,228.2,1201805,232.745324
2025-02-12 05:00:00+00:00,236.83,236.92,230.765,16032,231.18,1238524,234.725862
2025-02-13 05:00:00+00:00,241.49,242.33,235.6,14323,236.97,1214691,240.02455
2025-02-14 05:00:00+00:00,244.6,245.41,241.21,14743,241.21,1220858,243.98602
2025-02-18 05:00:00+00:00,244.45,245.15,241.885,15707,244.12,1233762,243.836702
2025-02-19 05:00:00+00:00,244.9,246.0,243.18,9829,244.67,714274,244.669407
2025-02-20 05:00:00+00:00,245.84,246.66,244.31,13053,244.925,930650,245.583091
2025-02-21 05:00:00+00:00,245.68,248.69,245.23,19264,245.91,1444119,246.533569
2025-02-24 05:00:00+00:00,247.195,248.84,244.53,17525,244.925,1414000,247.364655
2025-02-25 05:00:00+00:00,247.15,250.0,244.94,22146,247.97,1758675,247.572112
2025-02-26 05:00:00+00:00,240.38,244.935,239.13,18674,244.3,1375162,242.020716
2025-02-27 05:00:00+00:00,237.49,242.46,237.16,18753,239.65,1530603,239.844801
2025-02-28 05:00:00+00:00,241.37,242.08,234.68,22987,237.055,1526227,238.20951
2025-03-03 05:00:00+00:00,238.095,244.01,236.15,17246,241.8,1341972,240.057543
2025-03-04 05:00:00+00:00,236.03,240.045,234.7,24046,238.12,1996015,237.777054
2025-03-05 05:00:00+00:00,235.65,236.53,229.24,17642,235.69,1329895,233.463412
2025-03-06 05:00:00+00:00,235.35,237.83,233.35,21976,234.46,1877160,235.188046
2025-03-07 05:00:00+00:00,239.0,241.34,234.86,22467,235.08,1889764,239.125687
2025-03-10 04:00:00+00:00,227.57,236.15,224.23,32765,235.58,2751093,227.73989
2025-03-11 04:00:00+00:00,220.92,225.825,217.48,26627,223.65,2426827,221.072997
2025-03-12 04:00:00+00:00,216.945,221.73,214.93,25116,220.18,2059190,217.647773
2025-03-13 04:00:00+00:00,209.69,216.795,208.445,23696,215.96,2174496,212.467958
2025-03-14 04:00:00+00:00,213.36,213.87,209.585,17139,211.29,1460667,212.278227
2025-03-17 04:00:00+00:00,214.17,215.18,209.98,17598,213.31,1598394,213.093517
2025-03-18 04:00:00+00:00,212.79,215.13,211.5,15820,214.12,1267492,213.142607
2025-03-19 04:00:00+00:00,215.32,218.68,213.75,14699,214.21,1228741,215.783959
2025-03-20 04:00:00+00:00,214.13,217.44,212.22,13158,213.955,1098248,214.570385
2025-03-21 04:00:00+00:00,218.22,218.84,211.55,16097,211.66,1506309,214.981584
2025-03-24 04:00:00+00:00,220.34,221.03,218.68,16797,221.0,1325290,219.794359
2025-03-25 04:00:00+00:00,223.72,224.095,220.09,14509,220.83,986365,222.995961
2025-03-26 04:00:00+00:00,221.4,225.005,220.52,16345,223.51,1139694,222.739028
2025-03-27 04:00:00+00:00,223.74,224.99,220.58,14127,221.4,1032394,223.222471
2025-03-28 04:00:00+00:00,217.82,223.8,217.7,15783,221.665,1154636,219.555864
2025-03-31 04:00:00+00:00,222.065,224.11,216.25,23699,217.16,2048529,220.084105
2025-04-01 04:00:00+00:00,223.2,223.48,218.91,17812,219.75,1236713,222.03579
2025-04-02 04:00:00+00:00,223.8,225.17,221.14,14684,221.315,1160708,223.902474
2025-04-03 04:00:00+00:00,203.01,207.425,201.255,37160,205.575,3169742,204.060987
2025-04-04 04:00:00+00:00,188.5,199.87,187.37,51801,193.925,4381706,193.629111
2025-04-07 04:00:00+00:00,181.58,194.11,174.64,70577,177.31,6095672,180.58336
2025-04-08 04:00:00+00:00,172.8,190.31,169.255,58288,186.7,4563523,180.203858
2025-04-09 04:00:00+00:00,198.46,200.57,171.93,79721,172.18,7012998,186.185166
2025-04-10 04:00:00+00:00,190.63,194.75,183.06,56336,189.065,4357948,189.898656
2025-04-11 04:00:00+00:00,198.15,199.49,186.21,38549,186.21,2993809,195.081304
2025-04-14 04:00:00+00:00,202.61,212.87,201.215,39049,211.44,3298316,205.32485
2025-04-15 04:00:00+00:00,202.14,203.5,199.83,19939,202.01,1578400,202.194516
2025-04-16 04:00:00+00:00,194.27,200.54,192.38,24030,198.36,1813064,195.970842
2025-04-17 04:00:00+00:00,196.89,198.82,194.53,17874,197.19,1314801,196.769187
2025-04-21 04:00:00+00:00,193.25,193.8,189.86,17566,193.11,1282577,191.501666
2025-04-22 04:00:00+00:00,199.56,201.55,196.035,18576,196.12,1376819,199.11063
2025-04-23 04:00:00+00:00,204.33,207.94,202.83,23199,206.0,1708419,205.478101
2025-04-24 04:00:00+00:00,208.2,208.8,202.965,15233,205.05,1120255,206.592145
2025-04-25 04:00:00+00:00,209.18,209.43,206.44,13303,206.44,964315,208.167869
2025-04-28 04:00:00+00:00,210.08,211.48,207.48,11714,210.0,831002,209.540984
2025-04-29 04:00:00+00:00,211.22,212.11,208.39,12785,208.68,819139,211.032769
2025-04-30 04:00:00+00:00,212.305,213.51,206.68,14242,209.32,939883,210.483736
2025-05-01 04:00:00+00:00,213.03,214.515,208.98,19329,208.98,1451254,212.228217
2025-05-02 04:00:00+00:00,205.31,206.99,202.19,30491,206.145,2839089,204.697061
2025-05-05 04:00:00+00:00,198.86,204.04,198.225,26157,203.09,1924516,199.748293
2025-05-06 04:00:00+00:00,198.445,200.62,197.36,14263,198.21,1086206,198.874037
2025-05-07 04:00:00+00:00,196.25,199.4,193.26,19056,199.205,1471338,195.651827
2025-05-08 04:00:00+00:00,197.45,200.05,194.69,17470,197.75,1416316,197.718037
2025-05-09 04:00:00+00:00,198.49,200.52,197.54,10814,198.975,767906,198.741644
2025-05-12 04:00:00+00:00,210.8,211.23,206.75,17783,210.985,1348910,209.287324
2025-05-13 04:00:00+00:00,212.89,213.38,209.16,14893,210.435,1089189,211.476066
2025-05-14 04:00:00+00:00,212.3,213.92,210.6,15368,212.34,1020697,212.262328
2025-05-15 04:00:00+00:00,211.33,212.96,209.55,15270,211.05,1104460,211.263709
2025-05-16 04:00:00+00:00,211.21,212.42,209.79,10641,212.36,744422,211.188514
2025-05-19 04:00:00+00:00,208.75,209.47,204.29,16758,207.99,1223105,207.394682
2025-05-20 04:00:00+00:00,206.87,208.465,205.04,14838,207.85,1178321,207.006112
2025-05-21 04:00:00+00:00,202.24,207.03,200.75,19802,205.24,1639501,203.591571
2025-05-22 04:00:00+00:00,201.37,202.65,199.71,17567,200.715,1380855,201.333769
2025-05-23 04:00:00+00:00,195.3,197.69,193.49,25503,193.75,2131818,196.038808
2025-05-27 04:00:00+00:00,200.28,200.725,197.435,14188,198.46,1290367,199.313344
2025-05-28 04:00:00+00:00,200.47,202.72,199.9,8940,200.7,617957,200.960592
2025-05-29 04:00:00+00:00,199.94,203.72,198.56,14455,203.58,1210966,200.448839
2025-05-30 04:00:00+00:00,200.64,201.95,196.82,17071,199.345,1240825,199.175373
2025-06-02 04:00:00+00:00,201.685,202.08,200.13,12047,200.21,839441,201.10868
2025-06-03 04:00:00+00:00,203.33,203.76,200.955,13011,201.49,933488,202.728475
2025-06-04 04:00:00+00:00,202.83,206.23,202.215,16740,202.92,1245814,203.892681
2025-06-05 04:00:00+00:00,200.68,204.74,200.17,24357,203.49,1847413,202.146614
2025-06-06 04:00:00+00:00,203.96,205.67,202.085,16345,203.01,1171926,204.191839
2025-06-09 04:00:00+00:00,201.425,206.0,200.045,18263,204.41,1374703,202.540282
2025-06-10 04:00:00+00:00,202.68,204.33,200.62,13241,200.62,1016332,202.492521
2025-06-11 04:00:00+00:00,198.82,204.48,198.43,15980,203.31,1352311,200.474283
2025-06-12 04:00:00+00:00,199.095,199.68,197.37,15545,198.98,1507561,198.54698
2025-06-13 04:00:00+00:00,196.37,200.3,195.78,14240,199.69,1072719,197.144205
2025-06-16 04:00:00+00:00,198.42,198.66,196.63,13490,197.31,1084142,197.770438
2025-06-17 04:00:00+00:00,195.62,198.37,195.22,10645,197.215,799393,196.631963
2025-06-18 04:00:00+00:00,196.295,197.535,195.07,10932,195.875,917701,196.350945
2025-06-20 04:00:00+00:00,201.03,201.66,196.86,15216,198.015,1310599,199.409412
2025-06-23 04:00:00+00:00,201.53,202.29,198.96,13655,201.625,1178964,200.947014
2025-06-24 04:00:00+00:00,200.3,203.435,200.22,18404,202.59,1698396,201.678329
2025-06-25 04:00:00+00:00,201.55,203.67,200.67,12190,201.425,973861,201.840543
2025-06-26 04:00:00+00:00,201.05,202.575,199.46,15576,201.455,1249214,200.568925
2025-06-27 04:00:00+00:00,201.05,203.2,200.2,16363,201.905,1519293,201.674101
2025-06-30 04:00:00+00:00,205.17,207.36,199.27,21808,202.02,1874120,202.813913
2025-07-01 04:00:00+00:00,207.815,210.18,206.2,26586,206.725,2220671,208.213103
2025-07-02 04:00:00+00:00,212.4,213.32,208.15,20477,208.995,1536101,211.790821
2025-07-03 04:00:00+00:00,213.5,214.625,211.825,12449,212.17,1215376,213.786901
2025-07-07 04:00:00+00:00,209.94,216.2,208.835,16271,212.81,1353483,211.424696
2025-07-08 04:00:00+00:00,210.095,211.43,208.47,13616,210.01,1036309,209.83366
2025-07-09 04:00:00+00:00,211.13,211.3,207.24,12228,209.51,950117,209.237042
2025-07-10 04:00:00+00:00,212.36,213.475,210.24,13285,210.51,1139672,212.321411
2025-07-11 04:00:00+00:00,211.08,212.12,209.87,10497,210.37,813325,210.909104
2025-07-14 04:00:00+00:00,208.65,210.85,207.57,11484,209.945,853368,208.832094
2025-07-15 04:00:00+00:00,209.025,211.89,208.965,11486,209.215,777589,210.345489
2025-07-16 04:00:00+00:00,210.16,212.375,208.66,12431,210.295,974450,210.561821
2025-07-17 04:00:00+00:00,210.13,211.795,209.61,12402,210.64,1067469,210.697771
2025-07-18 04:00:00+00:00,211.16,211.78,209.73,10286,210.73,731112,210.762752
2025-07-21 04:00:00+00:00,212.53,215.775,211.69,11944,212.12,946141,213.603907
2025-07-22 04:00:00+00:00,214.43,214.635,212.255,12357,213.24,964832,213.476741
2025-07-23 04:00:00+00:00,214.23,215.115,212.45,10967,215.02,779641,213.552708
2025-07-24 04:00:00+00:00,213.765,215.68,213.53,11561,213.9,973782,214.565934
2025-07-25 04:00:00+00:00,213.96,215.24,213.4,8594,214.7,728795,214.19299
2025-07-28 04:00:00+00:00,214.0,214.845,213.07,12299,214.04,919301,214.01041
2025-07-29 04:00:00+00:00,211.27,214.8,210.88,12354,214.175,1107896,212.442007
2025-07-30 04:00:00+00:00,208.96,212.37,207.73,12597,211.895,828809,209.728939
2025-07-31 04:00:00+00:00,207.85,209.84,207.18,19721,208.425,1632958,208.669415
2025-08-01 04:00:00+00:00,202.3,213.56,201.5,27872,210.865,1994299,205.139296
2025-08-04 04:00:00+00:00,203.35,207.85,201.68,19418,204.505,1875434,204.493141
2025-08-05 04:00:00+00:00,202.93,205.32,202.165,12539,203.43,968620,203.742942
2025-08-06 04:00:00+00:00,213.275,215.38,205.61,25261,205.63,2182167,212.895701
2025-08-07 04:00:00+00:00,220.17,220.84,216.62,30254,218.92,2508756,219.230711
2025-08-08 04:00:00+00:00,229.365,230.99,219.3,30531,220.89,2830643,226.828352
2025-08-11 04:00:00+00:00,227.22,229.53,224.78,19063,227.92,1715351,227.635045
2025-08-12 04:00:00+00:00,229.63,230.78,227.155,14198,228.03,1250550,229.362139
2025-08-13 04:00:00+00:00,233.22,234.91,230.455,18059,231.05,1586856,232.822614
2025-08-14 04:00:00+00:00,232.78,235.1,230.88,11825,234.01,972239,232.429103
2025-08-15 04:00:00+00:00,231.65,234.19,229.37,13249,233.915,1057450,231.343673
2025-08-18 04:00:00+00:00,230.895,233.12,230.11,10346,231.72,836545,231.337224
2025-08-19 04:00:00+00:00,230.56,232.855,229.35,9689,231.3,787642,230.999171
2025-08-20 04:00:00+00:00,225.975,230.36,225.78,15378,230.03,1167075,226.789509
2025-08-21 04:00:00+00:00,224.9,226.5,223.8,9312,226.27,772469,225.013695
2025-08-22 04:00:00+00:00,227.74,229.09,225.435,16939,226.165,1273052,227.799355
2025-08-25 04:00:00+00:00,227.15,229.3,226.255,10565,226.48,762910,228.215083
2025-08-26 04:00:00+00:00,229.3,229.43,224.7,12282,226.8,923026,227.088206
2025-08-27 04:00:00+00:00,230.5,230.9,228.3,11619,228.7,952676,230.011086
2025-08-28 04:00:00+00:00,232.595,233.4,229.34,14605,230.75,1159353,232.070137
2025-08-29 04:00:00+00:00,232.27,233.31,231.38,14277,232.99,1208045,232.349425
2025-09-02 04:00:00+00:00,229.69,230.78,227.0,16119,229.37,1246862,228.894496
2025-09-03 04:00:00+00:00,238.485,238.655,234.44,22894,237.21,1989098,236.704893
2025-09-04 04:00:00+00:00,239.71,239.895,236.77,17186,238.48,1423459,238.415434
2025-09-05 04:00:00+00:00,239.67,241.32,238.53,21234,239.995,2004733,239.658325
2025-09-08 04:00:00+00:00,237.9,240.1,236.34,16127,239.36,1553530,238.236726
2025-09-09 04:00:00+00:00,234.35,238.77,233.38,24362,236.93,2133357,235.690098
2025-09-10 04:00:00+00:00,226.81,232.26,225.955,30706,232.21,2755480,227.819633
2025-09-11 04:00:00+00:00,229.99,230.45,226.66,16120,226.77,1333481,229.293279
2025-09-12 04:00:00+00:00,234.04,234.5,229.03,19380,229.27,1768033,233.356661
2025-09-15 04:00:00+00:00,236.745,238.19,235.055,18779,236.74,1528759,236.283622
2025-09-16 04:00:00+00:00,238.14,241.21,236.36,17480,237.175,1451954,239.168589
2025-09-17 04:00:00+00:00,238.98,240.055,237.75,15154,238.97,1210638,239.246326
2025-09-18 04:00:00+00:00,237.87,241.155,236.675,16899,239.97,1384022,237.964554
2025-09-19 04:00:00+00:00,245.32,246.24,240.25,20755,241.225,1851825,243.753153
2025-09-22 04:00:00+00:00,256.12,256.63,248.16,34552,248.34,3191331,253.803977
2025-09-23 04:00:00+00:00,254.45,257.285,253.61,21654,255.87,1817392,255.322501
2025-09-24 04:00:00+00:00,252.22,255.68,251.04,17375,255.21,1506113,252.082779
2025-09-25 04:00:00+00:00,256.91,257.17,251.72,17651,253.32,1667057,254.347572
2025-09-26 04:00:00+00:00,255.45,257.28,253.79,17211,254.005,1360873,255.634225
2025-09-29 04:00:00+00:00,254.37,254.82,253.02,13140,254.545,977267,253.830008
2025-09-30 04:00:00+00:00,254.56,255.915,253.13,13997,254.855,1057345,254.527218
2025-10-01 04:00:00+00:00,255.43,258.78,254.975,14500,255.035,1082404,256.202503
2025-10-02 04:00:00+00:00,257.43,258.17,254.16,12152,256.55,1097559,256.832186
2025-10-03 04:00:00+00:00,258.04,259.22,253.96,15923,254.665,1483654,257.973019
2025-10-06 04:00:00+00:00,256.65,259.06,255.07,14694,257.985,1245721,256.845824
2025-10-07 04:00:00+00:00,256.48,257.39,255.44,14584,256.92,1662715,256.2889
2025-10-08 04:00:00+00:00,258.02,258.5,256.125,11535,256.53,866667,257.770421
2025-10-09 04:00:00+00:00,254.03,257.96,253.14,13019,257.95,893881,254.493713
2025-10-10 04:00:00+00:00,245.295,256.36,244.66,21305,254.915,1586214,249.270362
2025-10-13 04:00:00+00:00,247.54,249.67,245.6,13298,249.305,878932,247.935713
2025-10-14 04:00:00+00:00,247.96,248.83,244.77,12009,246.615,864087,247.214712
2025-10-15 04:00:00+00:00,249.405,251.785,247.47,15779,249.425,1113159,249.806309
2025-10-16 04:00:00+00:00,247.45,248.99,245.16,15232,248.27,1099909,247.181299
2025-10-17 04:00:00+00:00,252.34,253.38,247.29,21048,248.05,1549814,250.948293
2025-10-20 04:00:00+00:00,262.245,264.345,255.66,32877,255.96,2779230,262.042935
2025-10-21 04:00:00+00:00,262.73,265.26,262.025,22917,262.04,1663932,263.483984
2025-10-22 04:00:00+00:00,258.4,262.81,255.445,25335,262.765,1745133,258.23172
2025-10-23 04:00:00+00:00,259.59,260.59,258.02,17086,259.92,1301904,259.587369
2025-10-24 04:00:00+00:00,262.78,264.12,259.2,22800,261.18,1585517,262.700364
2025-10-27 04:00:00+00:00,268.75,269.04,264.68,21435,264.87,1830875,266.381385
